Family ID,Client ID,Program ID,Note ID,Note Date,Note,Time
234567,5E3A8D1F6,829176,523476,2022-07-10,Client moved into Hotel California.,75
234567,5E3A8D1F6,604985,345237,2022-07-14,"Gathered documents from DPSS worker, and filed in chart.",30
456789,1A8D7F2B9,547389,234721,2022-05-07,"Client enrolled in housing navigation. Meeting took 90 minutes,",0
456789,1A8D7F2B9,47892,21341,2023-01-31,Visited client and completed unit inspection.,120
901234,9C4B5A2D8,503276,89542,2022-09-17,Visited units with client.,90
345678,8D1F6E3A5,197345,23670,2022-11-01,Attempted contact. Client did not answer and a voicemail was left.,15