{"234567":{"HoHID":"5E3A8D1F6","householdSize":2,"active":"Yes","5E3A8D1F6":{"enrollments":{"604985":{"services":{"325194":{"serviceName":"Motel/Hotel Voucher","amount":"2200","startDate":"2022-08-01","endDate":"2022-08-31"},"615739":{"serviceName":"Motel/Hotel Voucher","amount":"1800","startDate":"2022-07-10","endDate":"2022-07-31"},"924809":{"serviceName":"Motel/Hotel Voucher","amount":"2200","startDate":"2022-09-01","endDate":"2022-09-30"}},"notes":{"345237":{"noteDate":"2022-07-14","note":"Gathered documents from DPSS worker, and filed in chart.","time":"30"}},"programName":"Crisis Housing Vouchers","entryDate":"2022-07-10","exitDate":""},"758900":{"services":{},"notes":{},"programName":"Homelessness Prevention","entryDate":"2022-07-10","exitDate":""},"829176":{"services":{},"notes":{"523476":{"noteDate":"2022-07-10","note":"Client moved into Hotel California.","time":"75"}},"programName":"Housing Navigation","entryDate":"2022-07-10","exitDate":""}},"clientName":"Esmeralda Thunderthighs","isHoH":"Yes"},"A7C4D9E2B":{"enrollments":{"308562":{"services":{},"notes":{},"programName":"Housing Navigation","entryDate":"2022-07-10","exitDate":""},"582471":{"services":{"721908":{"serviceName":"Motel/Hotel Voucher","amount":"1800","startDate":"2022-07-10","endDate":"2022-07-31"}},"notes":{},"programName":"Crisis Housing Vouchers","entryDate":"2022-07-10","exitDate":""}},"clientName":"Reginald Thunderthighs","isHoH":"No"}},"345678":{"HoHID":"8D1F6E3A5","householdSize":2,"active":"Yes","8D1F6E3A5":{"enrollments":{"197345":{"services":{"690358":{"serviceName":"Housing Application","amount":"45","startDate":"2023-04-10","endDate":"2023-04-10"}},"notes":{"23670":{"noteDate":"2022-11-01","note":"Attempted contact. Client did not answer and a voicemail was left.","time":"15"}},"programName":"Housing Navigation","entryDate":"2022-10-01","exitDate":""}},"clientName":"Seraphina Moonstone","isHoH":"Yes"},"2D9C4B5A7":{"enrollments":{"381569":{"services":{},"notes":{},"programName":"Housing Navigation","entryDate":"2022-10-01","exitDate":""},"467098":{"services":{},"notes":{},"programName":"Crisis Housing Vouchers","entryDate":"2022-10-01","exitDate":""}},"clientName":"Ignatius Snorklefart","isHoH":"No"}},"456789":{"HoHID":"1A8D7F2B9","householdSize":2,"active":"Yes","1A8D7F2B9":{"enrollments":{"47892":{"services":{"236547":{"serviceName":"Security Deposit","amount":"3000","startDate":"2023-01-01","endDate":"2023-01-01"}},"notes":{"21341":{"noteDate":"2023-01-31","note":"Visited client and completed unit inspection.","time":"120"}},"programName":"Time-Limited Subsidies","entryDate":"2023-01-29","exitDate":""},"547389":{"services":{},"notes":{"234721":{"noteDate":"2022-05-07","note":"Client enrolled in housing navigation. Meeting took 90 minutes,","time":"0"}},"programName":"Housing Navigation","entryDate":"2022-05-17","exitDate":""},"913827":{"services":{"543761":{"serviceName":"Motel/Hotel Voucher","amount":"2200","startDate":"2022-09-01","endDate":"2022-10-01"}},"notes":{},"programName":"Crisis Housing Vouchers","entryDate":"2022-05-17","exitDate":"2023-01-29"}},"clientName":"Penelope Pumpernickel","isHoH":"Yes"},"3C6D5F8A1":{"enrollments":{"250148":{"services":{},"notes":{},"programName":"Crisis Housing Vouchers","entryDate":"2022-05-17","exitDate":"2023-01-29"},"257211":{"services":{},"notes":{},"programName":"Time-Limited Subsidies","entryDate":"2023-01-29","exitDate":""},"874693":{"services":{},"notes":{},"programName":"Housing Navigation","entryDate":"2022-05-17","exitDate":""}},"clientName":"Rufus Bumblebee","isHoH":"No"}},"901234":{"HoHID":"9C4B5A2D8","householdSize":4,"active":"Yes","9C4B5A2D8":{"enrollments":{"287561":{"services":{"473615":{"serviceName":"Bed","amount":"0","startDate":"2022-08-04","endDate":"2022-10-05"}},"notes":{},"programName":"Crisis Housing Shelter","entryDate":"2022-08-04","exitDate":"2022-10-05"},"503276":{"services":{},"notes":{"89542":{"noteDate":"2022-09-17","note":"Visited units with client.","time":"90"}},"programName":"Housing Navigation","entryDate":"2022-08-04","exitDate":"2022-10-05"}},"clientName":"Archibald Flapjack","isHoH":"Yes"},"7F2B9E1A8":{"enrollments":{"415926":{"services":{},"notes":{},"programName":"Crisis Housing Shelter","entryDate":"2022-08-04","exitDate":"2022-11-12"},"691534":{"services":{},"notes":{},"programName":"Housing Navigation","entryDate":"2022-08-04","exitDate":"2022-11-12"}},"clientName":"Henrietta Flapjack","isHoH":"No"},"B2A7C4D9E":{"enrollments":{"198673":{"services":{},"notes":{},"programName":"Housing Navigation","entryDate":"2022-08-04","exitDate":""},"749806":{"services":{},"notes":{},"programName":"Crisis Housing Shelter","entryDate":"2022-08-04","exitDate":""}},"clientName":"Ophelia Flapjack","isHoH":"No"},"5F8A1C6D3":{"enrollments":{"176983":{"services":{},"notes":{},"programName":"Crisis Housing Shelter","entryDate":"2022-08-02","exitDate":""},"935627":{"services":{},"notes":{},"programName":"Housing Navigation","entryDate":"2022-08-02","exitDate":""}},"clientName":"Percival Poppycock","isHoH":"No"}}}